PEAK_NUM,FRACHRSTART,FRAC_HRS_SINCE_JAN1,CH4,WKT,LON,LAT,CH4_BASELINE,PEAK_DIST_M,PEAK_CH4
CFADS2280_20131126_7906.075916,7906.075916,7906.075916,2.1417706029,POINT(-105.02591833 39.657393442),-105.02591833,39.657393442,2.12604613204,0.00731019198293,0.000114948900834
CFADS2280_20131126_7906.075916,7906.075916,7906.07608,2.1575402081,POINT(-105.02591833 39.657393344),-105.02591833,39.657393344,2.12604613204,0.0182195422946,0.00045852880934
CFADS2280_20131126_7906.075916,7906.075916,7906.076238,2.1822021984,POINT(-105.02591842 39.657393249),-105.02591842,39.657393249,2.12604613204,0.0313089460053,0.00119357823276
CFADS2280_20131126_7906.075916,7906.075916,7906.076396,2.2103150296,POINT(-105.0259185 39.657393154),-105.0259185,39.657393154,2.12604613204,0.0439123661834,0.00225565455668
CFADS2280_20131126_7906.075916,7906.075916,7906.076551,2.2300887745,POINT(-105.0259185 39.657393062),-105.0259185,39.657393062,2.12604613204,0.0541537970398,0.00332120008558
CFADS2280_20131126_7906.075916,7906.075916,7906.076698,2.2355278547,POINT(-105.02591853 39.657392974),-105.02591853,39.657392974,2.12604613204,0.064281727628,0.00443002337338
CFADS2280_20131126_7906.075916,7906.075916,7906.076854,2.2357388966,POINT(-105.02591862 39.65739288),-105.02591862,39.65739288,2.12604613204,0.0772813572778,0.00585598868795
CFADS2280_20131126_7906.075916,7906.075916,7906.077008,2.2384296603,POINT(-105.02591867 39.657392788),-105.02591867,39.657392788,2.12604613204,0.0883831197413,0.00710364392353
CFADS2280_20131126_7906.075916,7906.075916,7906.077167,2.242610086,POINT(-105.02591867 39.657392692),-105.02591867,39.657392692,2.12604613204,0.0990698302345,0.00834932915347
CFADS2280_20131126_7906.075916,7906.075916,7906.07732,2.2460348052,POINT(-105.02591873 39.6573926),-105.02591873,39.6573926,2.12604613204,0.110529695676,0.00972438320238
CFADS2280_20131126_7906.075916,7906.075916,7906.077469,2.2462426269,POINT(-105.02591882 39.657392511),-105.02591882,39.657392511,2.12604613204,0.123085634714,0.0112335630645
CFADS2280_20131126_7906.075916,7906.075916,7906.077625,2.2444165761,POINT(-105.02591883 39.657392417),-105.02591883,39.657392417,2.12604613204,0.133584742448,0.0124763471093
CFADS2280_20131126_7906.075916,7906.075916,7906.077789,2.2393599015,POINT(-105.02591885 39.657392319),-105.02591885,39.657392319,2.12604613204,0.14462792422,0.0137276916627
CFADS2280_20131126_7906.075916,7906.075916,7906.077943,2.2332378183,POINT(-105.02591894 39.657392226),-105.02591894,39.657392226,2.12604613204,0.157538116714,0.0151115569661
CFADS2280_20131126_7906.075916,7906.075916,7906.078099,2.2262078412,POINT(-105.025919 39.657392133),-105.025919,39.657392133,2.12604613204,0.169097573904,0.0162693719552
CFADS2280_20131126_7906.075916,7906.075916,7906.07825,2.2225989674,POINT(-105.025919 39.657392042),-105.025919,39.657392042,2.12604613204,0.179227685247,0.0172474629279
CFADS2280_20131126_7906.075916,7906.075916,7906.078396,2.2243767867,POINT(-105.02591905 39.657391955),-105.02591905,39.657391955,2.12604613204,0.189818160878,0.0182888313299
CFADS2280_20131126_7906.075916,7906.075916,7906.078552,2.2275508609,POINT(-105.02591914 39.657391861),-105.02591914,39.657391861,2.12604613204,0.202817791232,0.0196083552843
CFADS2280_20131126_7906.075916,7906.075916,7906.078711,2.2213532167,POINT(-105.02591923 39.657391766),-105.02591923,39.657391766,2.12604613204,0.215907195041,0.0208558682013
CFADS2280_20131126_7906.075916,7906.075916,7906.078858,2.2027620671,POINT(-105.02591932 39.657391677),-105.02591932,39.657391677,2.12604613204,0.228463134136,0.0218191088096
CFADS2280_20131126_7906.075916,7906.075916,7906.079009,2.1802764291,POINT(-105.02591933 39.657391587),-105.02591933,39.657391587,2.12604613204,0.238518513891,0.0223644150407
CFADS2280_20131126_7906.075916,7906.075916,7906.079169,2.1662740493,POINT(-105.02591933 39.657391509),-105.02591933,39.657391509,2.12604613204,0.247201466018,0.0227137121205
CFADS2280_20131126_7906.075916,7906.075916,7906.079317,2.1623479131,POINT(-105.02591933 39.657391598),-105.02591933,39.657391598,2.12604613204,0.257108936751,0.0230733709539
CFADS2280_20131126_7906.075916,7906.075916,7906.079477,2.1573290192,POINT(-105.02591933 39.657391667),-105.02591933,39.657391667,2.12604613204,0.264790010091,0.0233136571045
CFADS2280_20131126_7906.075916,7906.075916,7906.07963,2.1437078428,POINT(-105.02591933 39.657391667),-105.02591933,39.657391667,2.12604613204,0.264790010091,0.0233136571045
CFADS2280_20131126_7906.476206,7906.476206,7906.476206,2.4797830639,POINT(-105.03338142 39.647431596),-105.03338142,39.647431596,2.22912294446,0.0,0.0
CFADS2280_20131126_7906.476206,7906.476206,7906.476344,2.6610746827,POINT(-105.03338134 39.647381233),-105.03338134,39.647381233,2.23098570139,5.60640831717,2.41125444192
CFADS2280_20131126_7906.476206,7906.476206,7906.476485,2.6124405252,POINT(-105.03338118 39.647331685),-105.03338118,39.647331685,2.23367915186,11.1221037723,4.50038682739
CFADS2280_20131126_7906.476206,7906.476206,7906.476623,2.3729235983,POINT(-105.03338102 39.647283408),-105.03338102,39.647283408,2.23616821361,16.4963120831,5.23533875235
CFADS2280_20131126_7906.712971,7906.712971,7906.712971,2.2158639085,POINT(-105.03276 39.652565856),-105.03276,39.652565856,2.08327493138,0.0,0.0
CFADS2280_20131126_7906.712971,7906.712971,7906.713105,2.4060937371,POINT(-105.03276 39.652565833),-105.03276,39.652565833,2.08482186862,0.00256035830733,0.000822571097371
CFADS2280_20131126_7906.712971,7906.712971,7906.713241,2.5327431641,POINT(-105.03276 39.652565833),-105.03276,39.652565833,2.08723649593,0.00256035830733,0.000822571097371
CFADS2280_20131126_7906.712971,7906.712971,7906.713378,2.5490213783,POINT(-105.03276 39.652565778),-105.03276,39.652565778,2.09022771901,0.00868295212746,0.00363157832043
CFADS2280_20131126_7906.712971,7906.712971,7906.713514,2.4960542847,POINT(-105.03276 39.652565696),-105.03276,39.652565696,2.09328641862,0.0178111838918,0.00730813674918
CFADS2280_20131126_7906.712971,7906.712971,7906.713652,2.4511138165,POINT(-105.03276 39.652565667),-105.03276,39.652565667,2.09610016086,0.0210394616543,0.0084542194391
CFADS2280_20131126_7906.712971,7906.712971,7906.713789,2.4463282785,POINT(-105.03276 39.652565667),-105.03276,39.652565667,2.09870502441,0.0210394616543,0.0084542194391
CFADS2280_20131126_7906.712971,7906.712971,7906.713925,2.4547595285,POINT(-105.03275995 39.652565616),-105.03275995,39.652565616,2.1012933023,0.028152596963,0.0109684725331
CFADS2280_20131126_7906.712971,7906.712971,7906.714059,2.4299810484,POINT(-105.03275987 39.652565536),-105.03275987,39.652565536,2.10392308567,0.039391966318,0.0146331584074
CFADS2280_20131126_7906.712971,7906.712971,7906.714194,2.3648909748,POINT(-105.03275983 39.652565455),-105.03275983,39.652565455,2.10644288946,0.0490386320824,0.0171263207041
CFADS2280_20131126_7906.712971,7906.712971,7906.714333,2.2825640293,POINT(-105.03275983 39.652565373),-105.03275983,39.652565373,2.10866387683,0.0581668638467,0.0187137215997
CFADS2280_20131126_7906.712971,7906.712971,7906.714464,2.2273112824,POINT(-105.03275987 39.652565333),-105.03275987,39.652565333,2.11050906672,0.0637865492152,0.0193701133022
CFADS2280_20131126_7906.712971,7906.712971,7906.714599,2.2157643263,POINT(-105.03275995 39.652565333),-105.03275995,39.652565333,2.11210027652,0.0706432142841,0.0200809029712
CFADS2280_20131126_7906.712971,7906.712971,7906.714736,2.2424000031,POINT(-105.03275997 39.652565299),-105.03275997,39.652565299,2.11363849434,0.0747981696748,0.0206159012962
CFADS2280_20131126_7906.712971,7906.712971,7906.714873,2.2692400037,POINT(-105.03275988 39.652565217),-105.03275988,39.652565217,2.11529992573,0.086749175424,0.022455640053
CFADS2280_20131126_7906.712971,7906.712971,7906.715011,2.2572726834,POINT(-105.03275983 39.652565167),-105.03275983,39.652565167,2.11708363982,0.0937737817694,0.023440412898
CFADS2280_20131126_7906.712971,7906.712971,7906.715146,2.2012124374,POINT(-105.03275983 39.652565167),-105.03275983,39.652565167,2.11881170776,0.0937737817694,0.023440412898
CFADS2280_20131126_7906.712971,7906.712971,7906.715286,2.122574644,POINT(-105.03275983 39.652565136),-105.03275983,39.652565136,2.12028210893,0.0972246985595,0.0234483242458
CFADS2280_20131126_7907.294292,7907.294292,7907.294292,2.124218465,POINT(-105.01399532 39.653028954),-105.01399532,39.653028954,2.08665367523,0.0,0.0
CFADS2280_20131126_7907.294292,7907.294292,7907.294425,2.1628522373,POINT(-105.01397331 39.652988345),-105.01397331,39.652988345,2.08775463928,4.89840231391,0.367858247922
CFADS2280_20131126_7907.294292,7907.294292,7907.294564,2.2056291497,POINT(-105.01395023 39.652945291),-105.01395023,39.652945291,2.08903586845,10.0833460935,0.972387856273
CFADS2280_20131126_7907.294292,7907.294292,7907.294703,2.2521476703,POINT(-105.01392712 39.652901618),-105.01392712,39.652901618,2.09051452615,15.3330208288,1.82090928949
CFADS2280_20131126_7907.294292,7907.294292,7907.294843,2.2881892523,POINT(-105.01390219 39.65285603),-105.01390219,39.65285603,2.09220864231,20.839344775,2.90004201526
CFADS2280_20131126_7907.294292,7907.294292,7907.294981,2.2864078637,POINT(-105.01387557 39.65280924),-105.01387557,39.65280924,2.09407161606,26.5257828754,3.99375018191
CFADS2280_20131126_7907.294292,7907.294292,7907.295117,2.241345428,POINT(-105.01384708 39.652762515),-105.01384708,39.652762515,2.09593117163,32.2718506049,4.82931034785
CFADS2280_20131126_7907.294292,7907.294292,7907.295256,2.1665935397,POINT(-105.01381506 39.652714444),-105.01381506,39.652714444,2.09758497369,38.2857980227,5.2443242352
CFADS2280_20131126_7907.319104,7907.319104,7907.319104,2.1219903339,POINT(-105.00902101 39.649549583),-105.00902101,39.649549583,2.12135593949,0.0,0.0
CFADS2280_20131126_7907.319104,7907.319104,7907.319242,2.1694321578,POINT(-105.00900859 39.649529723),-105.00900859,39.649529723,2.12241030446,2.45376225426,0.115380448841
CFADS2280_20131126_7907.319104,7907.319104,7907.31938,2.2096208481,POINT(-105.00899965 39.649515724),-105.00899965,39.649515724,2.12368428976,4.1903314181,0.264615226095
CFADS2280_20131126_7907.319104,7907.319104,7907.319518,2.2289600301,POINT(-105.0089911 39.64950235),-105.0089911,39.64950235,2.12514686532,5.8497153633,0.436881125035
CFADS2280_20131126_7907.319104,7907.319104,7907.319652,2.2337180897,POINT(-105.00898521 39.649493073),-105.00898521,39.649493073,2.12669954819,6.99922290694,0.559899745809
CFADS2280_20131126_7907.319104,7907.319104,7907.319785,2.2413292987,POINT(-105.0089795 39.649484077),-105.0089795,39.649484077,2.12827595607,8.11385201174,0.685912291897
CFADS2280_20131126_7907.319104,7907.319104,7907.319921,2.2714028861,POINT(-105.00897574 39.64947836),-105.00897574,39.64947836,2.12988892739,8.82721591522,0.786863241877
CFADS2280_20131126_7907.319104,7907.319104,7907.320058,2.3381184816,POINT(-105.00897194 39.649472589),-105.00897194,39.649472589,2.13163948408,9.54749166682,0.935585057002
CFADS2280_20131126_7907.319104,7907.319104,7907.320197,2.4283932294,POINT(-105.00896653 39.649466102),-105.00896653,39.649466102,2.13369557796,10.4056846489,1.18849251331
CFADS2280_20131126_7907.319104,7907.319104,7907.320336,2.5164918728,POINT(-105.00896096 39.649459554),-105.00896096,39.649459554,2.13616314709,11.2770371081,1.51989288377
CFADS2280_20131126_7907.319104,7907.319104,7907.320471,2.5942183261,POINT(-105.00894657 39.649451766),-105.00894657,39.649451766,2.13903093087,12.7846477736,2.2061382556
CFADS2280_20131126_7907.319104,7907.319104,7907.320606,2.6700214415,POINT(-105.0089321 39.649443929),-105.0089321,39.649443929,2.14224999964,14.3010051744,3.00642838738
CFADS2280_20131126_7907.319104,7907.319104,7907.320742,2.7379116609,POINT(-105.00890976 39.649446497),-105.00890976,39.649446497,2.14581398939,16.2370371462,4.15274840988
CFADS2280_20131126_7907.319104,7907.319104,7907.320878,2.7739328959,POINT(-105.00888668 39.649449934),-105.00888668,39.649449934,2.14968585178,18.2519342072,5.41054194439
CFADS2280_20131126_7907.319104,7907.319104,7907.321012,2.7358699746,POINT(-105.00887446 39.649466631),-105.00887446,39.649466631,2.15372499782,20.3854404961,6.65255191339
CFADS2280_20131126_7907.319104,7907.319104,7907.321155,2.6184607963,POINT(-105.00886303 39.649486172),-105.00886303,39.649486172,2.15759028287,22.7711755016,7.7520668303
CFADS2280_20131126_7907.319104,7907.319104,7907.32129,2.4877180439,POINT(-105.00887331 39.649510794),-105.00887331,39.649510794,2.16092369518,25.6502392279,8.69292858567
CFADS2280_20131126_7907.319104,7907.319104,7907.321427,2.3927803095,POINT(-105.00888681 39.649536647),-105.00888681,39.649536647,2.16366389099,28.7520977344,9.4036152974
CFADS2280_20131126_7907.319104,7907.319104,7907.32156,2.3427102852,POINT(-105.00890755 39.64956484),-105.00890755,39.64956484,2.16597348089,32.3590244604,10.0410920003
CFADS2280_20131126_7907.319104,7907.319104,7907.321694,2.3091716549,POINT(-105.00893001 39.6495939),-105.00893001,39.6495939,2.16805670569,36.1234527111,10.5723091017
CFADS2280_20131126_7907.319104,7907.319104,7907.321832,2.2727406466,POINT(-105.00895501 39.64962927),-105.00895501,39.64962927,2.16998390986,40.6061513715,11.0329365879
CFADS2280_20131126_7907.319104,7907.319104,7907.321968,2.2357132459,POINT(-105.0089803 39.649665916),-105.0089803,39.649665916,2.17174142097,45.2257256855,11.3284591871
CFADS2280_20131126_7907.319104,7907.319104,7907.322103,2.2018389661,POINT(-105.00900646 39.649705862),-105.00900646,39.649705862,2.17331983879,50.2058316905,11.4704874643
CFADS2280_20131126_7907.329912,7907.329912,7907.329912,2.1702948258,POINT(-105.0095306 39.651982684),-105.0095306,39.651982684,2.16798162127,0.0,0.0
CFADS2280_20131126_7907.329912,7907.329912,7907.330047,2.7462505751,POINT(-105.00945341 39.651977986),-105.00945341,39.651977986,2.16856179857,6.6365199948,3.83384311625
CFADS2280_20131126_7907.329912,7907.329912,7907.330186,3.1987923394,POINT(-105.00937322 39.651971143),-105.00937322,39.651971143,2.17199746307,13.5516150297,10.9342272674
CFADS2280_20131126_7907.329912,7907.329912,7907.330331,3.2497941746,POINT(-105.00928942 39.651963849),-105.00928942,39.651963849,2.17768137302,20.7797853126,18.6836411597
CFADS2280_20131126_7907.329912,7907.329912,7907.330464,2.8863281645,POINT(-105.00921379 39.651955444),-105.00921379,39.651955444,2.18802848465,27.3291406191,23.2570538734
CFADS2280_20131126_7907.329912,7907.329912,7907.3306,2.4880843587,POINT(-105.00913679 39.651946835),-105.00913679,39.651946835,2.20016325692,33.9979604578,25.177147829
CFADS2280_20131126_7907.329912,7907.329912,7907.330744,2.220166701,POINT(-105.00905554 39.651936557),-105.00905554,39.651936557,2.20495094151,41.0551892439,25.2845289249
CFADS2280_20131126_7907.455551,7907.455551,7907.455551,2.1127610771,POINT(-105.01079255 39.654471539),-105.01079255,39.654471539,2.0966422927,0.0,0.0
CFADS2280_20131126_7907.455551,7907.455551,7907.455691,2.2066687832,POINT(-105.01072294 39.654470618),-105.01072294,39.654470618,2.09764668352,5.96687270992,0.650520991368
CFADS2280_20131126_7907.455551,7907.455551,7907.455827,2.2691230582,POINT(-105.01065469 39.654469718),-105.01065469,39.654469718,2.09907430641,11.8171624398,1.64535545755
CFADS2280_20131126_7907.455551,7907.455551,7907.455966,2.2852366952,POINT(-105.01058453 39.654468452),-105.01058453,39.654468452,2.100779763,17.8319440151,2.75482361475
CFADS2280_20131126_7907.455551,7907.455551,7907.456108,2.2649658925,POINT(-105.01051166 39.654466885),-105.01051166,39.654466885,2.10255377847,24.0797732189,3.76954676383
CFADS2280_20131126_7907.455551,7907.455551,7907.456251,2.2114890915,POINT(-105.01044057 39.654464895),-105.01044057,39.654464895,2.10423648367,30.1766362263,4.42345122095
CFADS2280_20131126_7907.455551,7907.455551,7907.456389,2.1426201863,POINT(-105.0103727 39.654462745),-105.0103727,39.654462745,2.10567178703,35.9984220956,4.63855688971
CFADS2280_20131126_7908.305262,7908.305262,7908.305262,2.2381441158,POINT(-105.01347166 39.652522653),-105.01347166,39.652522653,2.07650896836,0.0,0.0
CFADS2280_20131126_7908.305262,7908.305262,7908.305401,2.406514164,POINT(-105.01351974 39.65256307),-105.01351974,39.65256307,2.07812100137,6.10118056582,2.00358598178
CFADS2280_20131126_7908.305262,7908.305262,7908.30554,2.5005994292,POINT(-105.01356473 39.652603237),-105.01356473,39.652603237,2.08050638805,12.005598429,4.48399083818
CFADS2280_20131126_7908.305262,7908.305262,7908.305677,2.4916510796,POINT(-105.01360622 39.652642349),-105.01360622,39.652642349,2.0833239361,17.6271825166,6.77943621062
CFADS2280_20131126_7908.305262,7908.305262,7908.305812,2.411018589,POINT(-105.01364329 39.652679083),-105.01364329,39.652679083,2.08610234799,22.8056356577,8.46199973947
CFADS2280_20131126_7908.305262,7908.305262,7908.305955,2.2861699356,POINT(-105.01367862 39.652716014),-105.01367862,39.652716014,2.08851426986,27.9115925234,9.47122104301
CFADS2280_20131126_7908.305262,7908.305262,7908.306093,2.1645023041,POINT(-105.01370911 39.652749543),-105.01370911,39.652749543,2.09035263381,32.4679251682,9.80907160636
CFADS2280_20131126_7908.388573,7908.388573,7908.388573,2.2218145092,POINT(-105.02424361 39.639166372),-105.02424361,39.639166372,2.11593606313,0.0,0.0
CFADS2280_20131126_7908.388573,7908.388573,7908.388713,2.3264629047,POINT(-105.02418366 39.639170881),-105.02418366,39.639170881,2.11743615707,5.16366318651,1.07934372176
CFADS2280_20131126_7908.388573,7908.388573,7908.388857,2.3661630786,POINT(-105.02412117 39.639176388),-105.02412117,39.639176388,2.11943206087,10.5555767441,2.40969604132
CFADS2280_20131126_7908.388573,7908.388573,7908.388994,2.3215315079,POINT(-105.02406111 39.639182658),-105.02406111,39.639182658,2.12161719673,15.7513101103,3.44839749829
CFADS2280_20131126_7908.388573,7908.388573,7908.389131,2.2438923148,POINT(-105.02400171 39.639189056),-105.02400171,39.639189056,2.12359949971,20.8929374379,4.06689832365
CFADS2280_20131126_7908.388573,7908.388573,7908.389277,2.1886267341,POINT(-105.02393809 39.639196184),-105.02393809,39.639196184,2.1252250983,26.4041761449,4.41631987295
CFADS2280_20131126_7908.388573,7908.388573,7908.389416,2.1666469667,POINT(-105.0238796 39.639203467),-105.0238796,39.639203467,2.1265963573,31.4833480104,4.61974380143
CFADS2280_20131126_7908.388573,7908.388573,7908.389553,2.1811402553,POINT(-105.02382309 39.639211304),-105.02382309,39.639211304,2.12786462936,36.4055906022,4.88197935652
CFADS2280_20131126_7908.388573,7908.388573,7908.389695,2.2594305545,POINT(-105.02376741 39.639218821),-105.02376741,39.639218821,2.12919928382,41.2515458339,5.51307426399
CFADS2280_20131126_7908.388573,7908.388573,7908.389833,2.3679600212,POINT(-105.02371616 39.639225517),-105.02371616,39.639225517,2.1308973615,45.7077295001,6.569469016
CFADS2280_20131126_7908.388573,7908.388573,7908.389969,2.4555771169,POINT(-105.0236701 39.63923158),-105.0236701,39.63923158,2.13309719627,49.7134854283,7.86124486981
CFADS2280_20131126_7908.388573,7908.388573,7908.390102,2.4615858759,POINT(-105.02362969 39.639236951),-105.02362969,39.639236951,2.13569881215,53.2288454282,9.00685521821
CFADS2280_20131126_7908.388573,7908.388573,7908.390237,2.4011047993,POINT(-105.02359427 39.639241743),-105.02359427,39.639241743,2.13833183111,56.311722196,9.81695189705
CFADS2280_20131126_7908.388573,7908.388573,7908.390376,2.3152228037,POINT(-105.02356566 39.639245759),-105.02356566,39.639245759,2.14068384149,58.8047221174,10.2520775161
CFADS2280_20131126_7908.388573,7908.388573,7908.390515,2.2470851361,POINT(-105.02354332 39.639248893),-105.02354332,39.639248893,2.14263903946,60.7513332367,10.4553934492
CFADS2280_20131126_7908.388573,7908.388573,7908.390651,2.2094822361,POINT(-105.0235305 39.639250689),-105.0235305,39.639250689,2.14427363169,61.8683633418,10.5282334234
CFADS2280_20131126_7908.388573,7908.388573,7908.390785,2.1909695024,POINT(-105.02352148 39.63925189),-105.02352148,39.63925189,2.14572764061,62.6530743061,10.5637352084
CFADS2280_20131126_7908.388573,7908.388573,7908.390921,2.1869754831,POINT(-105.02351904 39.639252053),-105.02351904,39.639252053,2.14709065123,62.8630284406,10.5721091938
CFADS2280_20131126_7908.388573,7908.388573,7908.391061,2.2154332839,POINT(-105.02351525 39.639252464),-105.02351525,39.639252464,2.14843063807,63.1911311767,10.5940929452
CFADS2280_20131126_7908.388573,7908.388573,7908.391206,2.2861223591,POINT(-105.02350854 39.639253422),-105.02350854,39.639253422,2.14990353022,63.7761471504,10.673783136
CFADS2280_20131126_7908.388573,7908.388573,7908.391347,2.3633834044,POINT(-105.0234974 39.6392572),-105.0234974,39.6392572,2.151703766,64.8196281097,10.8946668082
CFADS2280_20131126_7908.388573,7908.388573,7908.391487,2.393477951,POINT(-105.02347867 39.639265633),-105.02347867,39.639265633,2.15386201901,66.6795489276,11.3403334684
CFADS2280_20131126_7908.388573,7908.388573,7908.391633,2.3488790129,POINT(-105.02346024 39.639279175),-105.02346024,39.639279175,2.15616384937,68.8632722213,11.76117006
CFADS2280_20131126_7908.388573,7908.388573,7908.39177,2.2757089587,POINT(-105.02344396 39.639298271),-105.02344396,39.639298271,2.15826540128,71.4062179983,12.0598226584
CFADS2280_20131126_7908.388573,7908.388573,7908.391908,2.2148465803,POINT(-105.02343092 39.639318547),-105.02343092,39.639318547,2.16003721646,73.9249857749,12.1978747179
CFADS2280_20131126_7908.388573,7908.388573,7908.392046,2.1876051734,POINT(-105.02342222 39.639340332),-105.02342222,39.639340332,2.16153725246,76.4621800234,12.264014097
CFADS2280_20131126_7908.388573,7908.388573,7908.392183,2.1838034145,POINT(-105.02341572 39.639362763),-105.02341572,39.639362763,2.16291902998,79.0206123157,12.3174453807
CFADS2280_20131126_7908.388573,7908.388573,7908.392318,2.191541168,POINT(-105.02341222 39.63938635),-105.02341222,39.63938635,2.16428428338,81.6634016198,12.3894795839
CFADS2280_20131126_7908.388573,7908.388573,7908.392454,2.2079790291,POINT(-105.02340836 39.639411089),-105.02340836,39.639411089,2.16568781342,84.4371526804,12.5067848882
CFADS2280_20131126_7908.388573,7908.388573,7908.39259,2.2277647188,POINT(-105.02340387 39.639437794),-105.02340387,39.639437794,2.16716744621,87.4347647608,12.6884320046
CFADS2280_20131126_7908.388573,7908.388573,7908.392731,2.2440344325,POINT(-105.02339881 39.639465807),-105.02339881,39.639465807,2.16873480046,90.5831927691,12.9255074751
CFADS2280_20131126_7908.388573,7908.388573,7908.392868,2.2562092957,POINT(-105.02339315 39.639493687),-105.02339315,39.639493687,2.17037848358,93.7244895421,13.1951275282
CFADS2280_20131126_7908.388573,7908.388573,7908.393003,2.282132046,POINT(-105.0233882 39.639521252),-105.0233882,39.639521252,2.17207702146,96.822223598,13.5360487257
CFADS2280_20131126_7908.388573,7908.388573,7908.393147,2.3296902713,POINT(-105.0233844 39.639550749),-105.0233844,39.639550749,2.17389782019,100.121945439,14.0501204793
CFADS2280_20131126_7908.388573,7908.388573,7908.393285,2.3772424865,POINT(-105.02338126 39.639579505),-105.02338126,39.639579505,2.17593743479,103.334357699,14.6967952955
CFADS2280_20131126_7908.388573,7908.388573,7908.393423,2.3973329938,POINT(-105.02337911 39.639609302),-105.02337911,39.639609302,2.17819456461,106.656473289,15.4247984874
CFADS2280_20131126_7908.388573,7908.388573,7908.393562,2.3736631338,POINT(-105.02337769 39.639639625),-105.02337769,39.639639625,2.18054611042,110.03422078,16.0770990287
CFADS2280_20131126_7908.388573,7908.388573,7908.393703,2.3305061064,POINT(-105.02337778 39.639671755),-105.02337778,39.639671755,2.18278839389,113.610937488,16.6054434391
CFADS2280_20131126_7908.388573,7908.388573,7908.393847,2.3074800188,POINT(-105.02337906 39.639705355),-105.02337906,39.639705355,2.18483419664,117.352895261,17.0643789266
CFADS2280_20131126_7908.388573,7908.388573,7908.393985,2.3087366063,POINT(-105.0233822 39.639739248),-105.0233822,39.639739248,2.18677294675,121.135450265,17.5257131774
CFADS2280_20131126_7908.388573,7908.388573,7908.394124,2.3153660618,POINT(-105.02338566 39.63977437),-105.02338566,39.63977437,2.18871870838,125.056462282,18.022298972
CFADS2280_20131126_7908.388573,7908.388573,7908.394265,2.3092645097,POINT(-105.02338963 39.639811381),-105.02338963,39.639811381,2.19069104583,129.190554942,18.5124926588
CFADS2280_20131126_7908.388573,7908.388573,7908.394406,2.2958778813,POINT(-105.02339378 39.639849114),-105.02339378,39.639849114,2.19263438068,133.406027108,18.947712762
CFADS2280_20131126_7908.388573,7908.388573,7908.394541,2.2869118834,POINT(-105.02339801 39.639886284),-105.02339801,39.639886284,2.19451273495,137.559646184,19.3315036275
CFADS2280_20131126_7908.388573,7908.388573,7908.394678,2.2845925842,POINT(-105.02340137 39.639923283),-105.02340137,39.639923283,2.19634838255,141.688430298,19.6958448854
CFADS2280_20131126_7908.388573,7908.388573,7908.394813,2.2873583769,POINT(-105.02340323 39.639959173),-105.02340323,39.639959173,2.19816789871,145.686881904,20.0524686962
CFADS2280_20131126_7908.388573,7908.388573,7908.394946,2.2991796417,POINT(-105.02340304 39.639994287),-105.02340304,39.639994287,2.19999594105,149.595802806,20.4401699368
CFADS2280_20131126_7908.388573,7908.388573,7908.395082,2.3145876075,POINT(-105.02339833 39.640028539),-105.02339833,39.640028539,2.20187274644,153.430049909,20.8723465663
CFADS2280_20131126_7908.388573,7908.388573,7908.39522,2.3182482072,POINT(-105.02339121 39.640062618),-105.02339121,39.640062618,2.20381982304,157.272506181,21.3120326288
CFADS2280_20131126_7908.388573,7908.388573,7908.395359,2.2977886468,POINT(-105.02337774 39.640094662),-105.02337774,39.640094662,2.20578622077,161.02187703,21.6569838429
CFADS2280_20131126_7908.388573,7908.388573,7908.395498,2.2568734102,POINT(-105.02336275 39.640125505),-105.02336275,39.640125505,2.20765832141,164.687900787,21.8374075276
CFADS2280_20131126_7908.388573,7908.388573,7908.395633,2.2170355339,POINT(-105.02334412 39.640152721),-105.02334412,39.640152721,2.20934425194,168.112734924,21.8637488926
CFADS2280_20131126_7908.405379,7908.405379,7908.405379,2.3748162878,POINT(-105.02301014 39.64220409),-105.02301014,39.64220409,2.27641753875,0.0,0.0
CFADS2280_20131126_7908.405379,7908.405379,7908.405518,2.8727151745,POINT(-105.02295702 39.642204158),-105.02295702,39.642204158,2.27861907553,4.55351463528,2.70522528141
CFADS2280_20131126_7908.405379,7908.405379,7908.405658,3.4700258205,POINT(-105.02291126 39.64220374),-105.02291126,39.64220374,2.28310426727,8.47639120184,7.36137202894
CFADS2280_20131126_7908.405379,7908.405379,7908.405794,4.2361984677,POINT(-105.02287258 39.642201581),-105.02287258,39.642201581,2.2903259016,11.8007851849,13.8302190795
CFADS2280_20131126_7908.405379,7908.405379,7908.405931,4.6530239667,POINT(-105.02284213 39.642196879),-105.02284213,39.642196879,2.3187353869,14.462959121,20.044501296
CFADS2280_20131126_7908.405379,7908.405379,7908.406075,4.5805621533,POINT(-105.02281472 39.64218798),-105.02281472,39.64218798,2.3835510361,17.0128733676,25.6466912436
CFADS2280_20131126_7908.405379,7908.405379,7908.406226,3.994718703,POINT(-105.02279251 39.642172748),-105.02279251,39.642172748,2.43668357223,19.562354963,29.6188731345
CFADS2280_20131126_7908.405379,7908.405379,7908.406367,3.4426736486,POINT(-105.02277794 39.642152706),-105.02277794,39.642152706,2.46713386473,22.11922523,32.1132018022
CFADS2280_20131126_7908.405379,7908.405379,7908.406504,3.1256138379,POINT(-105.02276917 39.642128024),-105.02276917,39.642128024,2.483608169,24.9678143275,33.9420121511
CFADS2280_20131126_7908.405379,7908.405379,7908.406639,2.9077261359,POINT(-105.02276401 39.642098982),-105.02276401,39.642098982,2.49417185762,28.2308850828,35.2914690223
CFADS2280_20131126_7908.405379,7908.405379,7908.406776,2.7191656604,POINT(-105.02276237 39.64206528),-105.02276237,39.64206528,2.50148501189,31.9852213764,36.1087153815
CFADS2280_20131126_7908.405379,7908.405379,7908.406915,2.5482823008,POINT(-105.0227621 39.642028333),-105.0227621,39.642028333,2.50649195523,36.0982228424,36.2805991341
CFADS2280_20131126_7908.426882,7908.426882,7908.426882,2.676745358,POINT(-105.02172285 39.641846195),-105.02172285,39.641846195,2.60504166638,0.0,0.0
CFADS2280_20131126_7908.426882,7908.426882,7908.42702,2.7681683408,POINT(-105.02172294 39.641803952),-105.02172294,39.641803952,2.60760470186,4.70249286463,0.755049366452
CFADS2280_20131126_7908.426882,7908.426882,7908.427157,2.8130908516,POINT(-105.02172293 39.641761782),-105.02172293,39.641761782,2.61103781464,9.39685312515,1.70355911369
CFADS2280_20131126_7908.426882,7908.426882,7908.427293,2.8153721008,POINT(-105.0217226 39.641719233),-105.0217226,39.641719233,2.61489228684,14.1334880225,2.6531587967
CFADS2280_20131126_7908.426882,7908.426882,7908.427435,2.7934927554,POINT(-105.02172241 39.641674857),-105.02172241,39.641674857,2.61877802551,19.0734467551,3.51624235233
CFADS2280_20131126_7908.426882,7908.426882,7908.427576,2.7728367609,POINT(-105.02172275 39.641630234),-105.02172275,39.641630234,2.62247257069,24.0409601548,4.26317848203
CFADS2280_20131126_7908.426882,7908.426882,7908.42771,2.765933771,POINT(-105.02172321 39.641588006),-105.02172321,39.641588006,2.62597569447,28.7419422739,4.92111889721
CFADS2280_20131126_7908.426882,7908.426882,7908.427845,2.7718810821,POINT(-105.02172427 39.641544582),-105.02172427,39.641544582,2.62940188347,33.5767515469,5.60997864797
CFADS2280_20131126_7908.426882,7908.426882,7908.427981,2.7777232994,POINT(-105.0217254 39.641500743),-105.0217254,39.641500743,2.63285834566,38.4578658915,6.31708105168
CFADS2280_20131126_7908.426882,7908.426882,7908.428116,2.7730558223,POINT(-105.02172688 39.641455696),-105.02172688,39.641455696,2.6363048,43.4740980417,7.00305592631
CFADS2280_20131126_7908.426882,7908.426882,7908.428256,2.7380795815,POINT(-105.0217284 39.641409128),-105.0217284,39.641409128,2.63961944893,48.6596803926,7.51362905202
CFADS2280_20131126_7908.426882,7908.426882,7908.428396,2.6630678475,POINT(-105.02172983 39.64136234),-105.02172983,39.64136234,2.64256432749,53.8695581929,7.62044988574
CFADS2280_20131126_7908.428945,7908.428945,7908.428945,2.6717953252,POINT(-105.02173595 39.641176327),-105.02173595,39.641176327,2.65135431195,0.0,0.0
CFADS2280_20131126_7908.428945,7908.428945,7908.429081,2.6729656486,POINT(-105.0217375 39.641129892),-105.0217375,39.641129892,2.65414514514,5.17084694717,0.0973179428673
CFADS2280_20131126_7908.4299,7908.4299,7908.4299,2.7500208023,POINT(-105.02174596 39.640856174),-105.02174596,39.640856174,2.66683573328,0.0,0.0
CFADS2280_20131126_7908.4299,7908.4299,7908.430043,2.9262600832,POINT(-105.02174617 39.640809508),-105.02174617,39.640809508,2.67014439052,5.1948856446,1.33049173527
CFADS2280_20131126_7908.4299,7908.4299,7908.430183,3.0682166934,POINT(-105.02174633 39.640763909),-105.02174633,39.640763909,2.67523746927,10.2709802943,3.3252914723
CFADS2280_20131126_7908.4299,7908.4299,7908.43032,3.1391687055,POINT(-105.02174609 39.640718864),-105.02174609,39.640718864,2.68200034912,15.285427395,5.61773801151
CFADS2280_20131126_7908.4299,7908.4299,7908.430463,3.1502775113,POINT(-105.02174584 39.640671902),-105.02174584,39.640671902,2.68964628911,20.513276465,8.02584851801
CFADS2280_20131126_7908.4299,7908.4299,7908.430606,3.1687440276,POINT(-105.02174601 39.64062478),-105.02174601,39.64062478,2.69739125917,25.7589130352,10.4983938376
CFADS2280_20131126_7908.4299,7908.4299,7908.43075,3.1993269481,POINT(-105.02174632 39.640577555),-105.02174632,39.640577555,2.70532695439,31.0160624779,13.0954256292
CFADS2280_20131126_7908.4299,7908.4299,7908.430886,3.1984072984,POINT(-105.02174804 39.640533618),-105.02174804,39.640533618,2.7136077279,35.9093468124,15.467687773
CFADS2280_20131126_7908.4299,7908.4299,7908.431022,3.1487648083,POINT(-105.02175003 39.640489925),-105.02175003,39.640489925,2.72179362226,40.776237785,17.5457099839
CFADS2280_20131126_7908.4299,7908.4299,7908.431162,3.0733091854,POINT(-105.02175831 39.640446218),-105.02175831,39.640446218,2.72922772233,45.6931972977,19.2375446069
CFADS2280_20131126_7908.4299,7908.4299,7908.431297,3.0110903102,POINT(-105.02176711 39.640404145),-105.02176711,39.640404145,2.73562045401,50.4371220808,20.5443528846
CFADS2280_20131126_7908.4299,7908.4299,7908.431433,2.9500554577,POINT(-105.02178798 39.640365758),-105.02178798,39.640365758,2.74121613891,55.0697507369,21.5118278974
CFADS2280_20131126_7908.4299,7908.4299,7908.431571,2.8941684222,POINT(-105.02180956 39.64032689),-105.02180956,39.64032689,2.74612870232,59.7754089708,22.2084522242
CFADS2280_20131126_7908.4299,7908.4299,7908.431712,2.8565425125,POINT(-105.02184562 39.640289224),-105.02184562,39.640289224,2.75048832716,64.9846798543,22.760917204
CFADS2280_20131126_7908.4299,7908.4299,7908.431851,2.8278274191,POINT(-105.02188149 39.640252121),-105.02188149,39.640252121,2.7544970521,70.133897033,23.1385111895
CFADS2280_20131126_7908.4299,7908.4299,7908.431985,2.8041348042,POINT(-105.02192293 39.640215966),-105.02192293,39.640215966,2.75822682867,75.50215901,23.3849572289
CFADS2280_20131126_7908.4299,7908.4299,7908.432126,2.7770895567,POINT(-105.02196677 39.640177777),-105.02196677,39.640177777,2.76172460547,81.1763264263,23.4721405346
CFADS2280_20131126_7908.432396,7908.432396,7908.432396,2.770450709,POINT(-105.02205511 39.64010443),-105.02205511,39.64010443,2.76814619515,0.0,0.0
CFADS2280_20131126_7908.432396,7908.432396,7908.432533,2.7816865302,POINT(-105.02210074 39.640065512),-105.02210074,39.640065512,2.77136783606,5.83692373692,0.0602294307735
CFADS2280_20131126_7908.432396,7908.432396,7908.432674,2.7855273938,POINT(-105.02214763 39.640025454),-105.02214763,39.640025454,2.77466809968,11.8404272191,0.12542324083
CFADS2280_20131126_7908.432396,7908.432396,7908.432819,2.7796176025,POINT(-105.02219552 39.639983394),-105.02219552,39.639983394,2.77797947905,18.0674522367,0.135623876521
CFADS2280_20131126_7908.433098,7908.433098,7908.433098,2.7915928756,POINT(-105.02228696 39.63990323),-105.02228696,39.63990323,2.78443035089,0.0,0.0
CFADS2280_20131126_7908.433098,7908.433098,7908.433246,2.8356307873,POINT(-105.02233561 39.639860744),-105.02233561,39.639860744,2.78777041715,6.30566358498,0.301791393217
CFADS2280_20131126_7908.433098,7908.433098,7908.433381,2.8870088643,POINT(-105.02237902 39.639822833),-105.02237902,39.639822833,2.79148037412,11.9322481274,0.83929051944
CFADS2280_20131126_7908.433098,7908.433098,7908.433517,2.9198533392,POINT(-105.02242287 39.639784547),-105.02242287,39.639784547,2.79563250025,17.6150912681,1.545218062
CFADS2280_20131126_7908.433098,7908.433098,7908.433656,2.915213859,POINT(-105.02246787 39.639746797),-105.02246787,39.639746797,2.80006584589,23.3195231225,2.20207205597
CFADS2280_20131126_7908.433098,7908.433098,7908.433797,2.882938951,POINT(-105.0225136 39.639708464),-105.0225136,39.639708464,2.80442830218,29.1140853399,2.65700689529
CFADS2280_20131126_7908.433098,7908.433098,7908.433933,2.8466278547,POINT(-105.02255759 39.639672426),-105.02255759,39.639672426,2.80846904462,34.6199588428,2.86710447661
CFADS2280_20131126_7908.433098,7908.433098,7908.434066,2.8157432174,POINT(-105.02260113 39.639636758),-105.02260113,39.639636758,2.81216554021,40.0694016369,2.88660082377
CFADS2280_20131126_7908.438594,7908.438594,7908.438594,2.8730017714,POINT(-105.02385903 39.639240649),-105.02385903,39.639240649,2.86551846355,0.0,0.0
CFADS2280_20131126_7908.438594,7908.438594,7908.438734,2.8944439831,POINT(-105.02392805 39.639232737),-105.02392805,39.639232737,2.86552087425,5.98192500127,0.17301586797
CFADS2280_20131126_7908.438594,7908.438594,7908.438874,2.8748858193,POINT(-105.02399677 39.639225423),-105.02399677,39.639225423,2.85875214238,11.9289357578,0.268963018141
CFADS2280_20131126_7908.439282,7908.439282,7908.439282,2.7783799882,POINT(-105.02420082 39.639207065),-105.02420082,39.639207065,2.76669573588,0.0,0.0
CFADS2280_20131126_7908.439282,7908.439282,7908.439422,2.7474041324,POINT(-105.02427242 39.639202543),-105.02427242,39.639202543,2.74619192906,6.15850952881,0.007465365812
CFADS2280_20131126_7908.452525,7908.452525,7908.452525,2.8189209248,POINT(-105.02545447 39.635573365),-105.02545447,39.635573365,2.79638914133,0.0,0.0
CFADS2280_20131126_7908.452525,7908.452525,7908.452663,2.8266884341,POINT(-105.02545404 39.635502258),-105.02545404,39.635502258,2.79853900087,7.91570996694,0.222822749165
CFADS2280_20131126_7908.453488,7908.453488,7908.453488,2.891136847,POINT(-105.02544886 39.635071673),-105.02544886,39.635071673,2.80733749243,0.0,0.0
CFADS2280_20131126_7908.453488,7908.453488,7908.453628,2.9447439087,POINT(-105.02544848 39.6349979),-105.02544848,39.6349979,2.80975498559,8.21246759714,1.10859215698
CFADS2280_20131126_7908.453488,7908.453488,7908.453768,2.9076331788,POINT(-105.02544806 39.63492398),-105.02544806,39.63492398,2.81267354412,16.4413133819,1.89000034654
CFADS2280_20131126_7908.779435,7908.779435,7908.779435,2.0938758452,POINT(-105.0289838 39.640872356),-105.0289838,39.640872356,2.08969837177,0.0,0.0
CFADS2280_20131126_7908.779435,7908.779435,7908.779568,2.1862632177,POINT(-105.02898396 39.640841096),-105.02898396,39.640841096,2.09055039707,3.47988710362,0.333069810153
CFADS2280_20131126_7908.779435,7908.779435,7908.779699,2.2033091038,POINT(-105.02898439 39.640811544),-105.02898439,39.640811544,2.09182245172,6.76981929193,0.699853335381
CFADS2280_20131126_7908.779435,7908.779435,7908.779832,2.1413465045,POINT(-105.02898495 39.640781846),-105.02898495,39.640781846,2.09317339607,10.0761461935,0.859129379714
CFADS2280_20131126_7908.821955,7908.821955,7908.821955,2.1269953423,POINT(-105.02546181 39.638650039),-105.02546181,39.638650039,2.08639009026,0.0,0.0
CFADS2280_20131126_7908.821955,7908.821955,7908.822092,2.1526628527,POINT(-105.0254623 39.638570501),-105.0254623,39.638570501,2.08746513273,8.85426184643,0.57727768444
CFADS2280_20131126_7908.821955,7908.821955,7908.822226,2.150656327,POINT(-105.02546286 39.638493029),-105.02546286,39.638493029,2.088654745,17.4785707513,1.11199848019
CFADS2280_20131126_7908.821955,7908.821955,7908.822369,2.1216262714,POINT(-105.02546346 39.638410458),-105.02546346,39.638410458,2.08983407298,26.6705101247,1.4042304406
CFADS2280_20131126_7908.827039,7908.827039,7908.827039,2.1324404297,POINT(-105.02548386 39.635768525),-105.02548386,39.635768525,2.10491398879,0.0,0.0
CFADS2280_20131126_7908.827039,7908.827039,7908.827179,2.2005761649,POINT(-105.02548589 39.635687243),-105.02548589,39.635687243,2.10601328965,9.04997756211,0.855791899217
CFADS2280_20131126_7908.827039,7908.827039,7908.827318,2.2765048241,POINT(-105.02548806 39.635606087),-105.02548806,39.635606087,2.10742691324,18.0861705439,2.38361253075
CFADS2280_20131126_7908.827039,7908.827039,7908.827455,2.3513881008,POINT(-105.02549001 39.635526892),-105.02549001,39.635526892,2.10918956001,26.9037348795,4.51921374619
CFADS2280_20131126_7908.827039,7908.827039,7908.827592,2.4164432416,POINT(-105.02549182 39.635447519),-105.02549182,39.635447519,2.11129578277,35.7408917159,7.21584969812
CFADS2280_20131126_7908.827039,7908.827039,7908.827726,2.4759690163,POINT(-105.02549317 39.635369679),-105.02549317,39.635369679,2.11370331124,44.4068055988,10.3552131009
CFADS2280_20131126_7908.827039,7908.827039,7908.827862,2.5283855208,POINT(-105.02549415 39.635290952),-105.02549415,39.635290952,2.11638624541,53.1710900635,13.9660919496
CFADS2280_20131126_7908.827039,7908.827039,7908.828,2.577042966,POINT(-105.02549491 39.635210941),-105.02549491,39.635210941,2.11930795532,62.0781448874,18.0431627846
CFADS2280_20131126_7908.827039,7908.827039,7908.828141,2.6559247123,POINT(-105.02549541 39.635129468),-105.02549541,39.635129468,2.12245534645,71.147812394,22.8815525578
CFADS2280_20131126_7908.827039,7908.827039,7908.828279,2.7756376667,POINT(-105.02549567 39.635048517),-105.02549567,39.635048517,2.12596654685,80.1592971859,28.736053974
CFADS2280_20131126_7908.827039,7908.827039,7908.828417,2.8937459305,POINT(-105.02549567 39.634968242),-105.02549567,39.634968242,2.13002637774,89.0955021586,35.5608084392
CFADS2280_20131126_7908.827039,7908.827039,7908.828559,2.9700352897,POINT(-105.02549554 39.634884126),-105.02549554,39.634884126,2.13462631333,98.4592934991,43.3834037778
CFADS2280_20131126_7908.827039,7908.827039,7908.828702,2.9842557396,POINT(-105.02549528 39.634799059),-105.02549528,39.634799059,2.13957570194,107.928969666,51.3822501989
CFADS2280_20131126_7908.827039,7908.827039,7908.828842,2.9542063105,POINT(-105.02549508 39.634714852),-105.02549508,39.634714852,2.14458961171,117.302900166,58.9715408654
CFADS2280_20131126_7908.827039,7908.827039,7908.828981,2.8927799253,POINT(-105.02549491 39.634630767),-105.02549491,39.634630767,2.14946218155,126.663245304,65.9292514941
CFADS2280_20131126_7908.827039,7908.827039,7908.829119,2.8169565971,POINT(-105.02549483 39.634546952),-105.02549483,39.634546952,2.15404542717,135.993525243,72.1143982841
CFADS2280_20131126_7908.827039,7908.827039,7908.829257,2.7510640601,POINT(-105.02549483 39.634463132),-105.02549483,39.634463132,2.15827218247,145.324359261,77.6456409015
CFADS2280_20131126_7908.827039,7908.827039,7908.829394,2.6931637995,POINT(-105.0254953 39.634379224),-105.0254953,39.634379224,2.16809359713,154.665076339,82.5501731078
CFADS2280_20131126_7908.827039,7908.827039,7908.829538,2.6142558913,POINT(-105.02549625 39.634291332),-105.02549625,39.634291332,2.17671596732,164.449543961,86.8312683275
CFADS2280_20131126_7908.827039,7908.827039,7908.829677,2.5051227797,POINT(-105.02549768 39.6342053),-105.02549768,39.6342053,2.18376919166,174.027402234,89.9091474491
CFADS2280_20131126_7908.827039,7908.827039,7908.829815,2.4137121879,POINT(-105.0254995 39.634120655),-105.0254995,39.634120655,2.1890151783,183.451366943,92.0266841379
CFADS2280_20131126_7908.827039,7908.827039,7908.829954,2.3704124797,POINT(-105.02550115 39.634035211),-105.02550115,39.634035211,2.19296810134,192.964036291,93.7146538368
CFADS2280_20131126_7908.827039,7908.827039,7908.83009,2.37621437,POINT(-105.02550262 39.633952),-105.02550262,39.633952,2.19636398963,202.227933746,95.3807693178
CFADS2280_20131126_7908.827039,7908.827039,7908.830225,2.3949902619,POINT(-105.02550404 39.633869834),-105.02550404,39.633869834,2.19979951988,211.375454758,97.1662807318
CFADS2280_20131126_7908.827039,7908.827039,7908.830367,2.3930606224,POINT(-105.02550549 39.633784327),-105.02550549,39.633784327,2.20342872907,220.894897146,98.9714706154
CFADS2280_20131126_7908.827039,7908.827039,7908.830503,2.3711492488,POINT(-105.025507 39.633703414),-105.025507,39.633703414,2.20700638038,229.903054451,100.450095395
CFADS2280_20131126_7908.827039,7908.827039,7908.830639,2.3224820447,POINT(-105.02550863 39.633623053),-105.02550863,39.633623053,2.21029872461,238.849924337,101.453784963
CFADS2280_20131126_7908.827039,7908.827039,7908.830779,2.2613782013,POINT(-105.0255095 39.633540931),-105.0255095,39.633540931,2.21303629137,247.992041431,101.895732364
CFADS2280_20131126_7908.900516,7908.900516,7908.900516,2.0984972696,POINT(-105.02532524 39.629717774),-105.02532524,39.629717774,2.08996483822,0.0,0.0
CFADS2280_20131126_7908.900516,7908.900516,7908.900655,2.1094702897,POINT(-105.02532434 39.629795778),-105.02532434,39.629795778,2.09096327663,8.68374031768,0.160710095593
CFADS2280_20131126_7908.900516,7908.900516,7908.900793,2.1187360311,POINT(-105.02532292 39.629874349),-105.02532292,39.629874349,2.09201759025,17.4311034496,0.394425999994
CFADS2280_20131126_7908.900516,7908.900516,7908.900934,2.1205044866,POINT(-105.02532114 39.629955047),-105.02532114,39.629955047,2.09311299065,26.4156929434,0.640527346735
CFADS2280_20131126_7908.900516,7908.900516,7908.901071,2.1110799675,POINT(-105.02531978 39.630033417),-105.02531978,39.630033417,2.09421714774,35.1406126806,0.787654095666
CFADS2280_20131126_7908.906873,7908.906873,7908.906873,2.1486722272,POINT(-105.02400267 39.631439677),-105.02400267,39.631439677,2.11935622178,0.0,0.0
CFADS2280_20131126_7908.906873,7908.906873,7908.907015,2.219748699,POINT(-105.0239279 39.631437973),-105.0239279,39.631437973,2.1205719923,6.41317523111,0.636037598881
CFADS2280_20131126_7908.906873,7908.906873,7908.907154,2.2601509678,POINT(-105.02385504 39.631436445),-105.02385504,39.631436445,2.12210993361,12.6621072161,1.49864663268
CFADS2280_20131126_7908.906873,7908.906873,7908.907299,2.2733028286,POINT(-105.02377944 39.631435053),-105.02377944,39.631435053,2.12382892282,19.145488493,2.4677429548
CFADS2280_20131126_7908.906873,7908.906873,7908.907436,2.272314484,POINT(-105.02370755 39.631433813),-105.02370755,39.631433813,2.12560316358,25.3104883178,3.37221821946
CFADS2280_20131126_7908.906873,7908.906873,7908.907579,2.2669010215,POINT(-105.02363199 39.631432614),-105.02363199,39.631432614,2.12736853004,31.78996325,4.27631550012
CFADS2280_20131126_7908.906873,7908.906873,7908.907721,2.266394216,POINT(-105.02355567 39.631431417),-105.02355567,39.631431417,2.12910796472,38.3345783035,5.17480116688
CFADS2280_20131126_7908.906873,7908.906873,7908.907862,2.2747063816,POINT(-105.02347928 39.631430234),-105.02347928,39.631430234,2.13084480902,44.8851621244,6.11717845666
CFADS2280_20131126_7908.906873,7908.906873,7908.907998,2.2822683759,POINT(-105.02340534 39.631428799),-105.02340534,39.631428799,2.13261823751,51.2263850292,7.06614334194
CFADS2280_20131126_7908.906873,7908.906873,7908.908131,2.2748992401,POINT(-105.02333325 39.631427122),-105.02333325,39.631427122,2.13442791354,57.4098055347,7.93473662301
CFADS2280_20131126_7908.906873,7908.906873,7908.908267,2.2461284069,POINT(-105.02326028 39.631425271),-105.02326028,39.631425271,2.13620833297,63.6692462948,8.62277481411
CFADS2280_20131126_7908.906873,7908.906873,7908.908405,2.2023790721,POINT(-105.0231867 39.631423204),-105.0231867,39.631423204,2.13785880656,69.9817879226,9.03006167614
CFADS2280_20131126_7908.906873,7908.906873,7908.908544,2.1556660005,POINT(-105.02311292 39.631421117),-105.02311292,39.631421117,2.13931350067,76.3115466071,9.13356905394
CFADS2280_20131126_7908.910323,7908.910323,7908.910323,2.1684748395,POINT(-105.02236168 39.631366115),-105.02236168,39.631366115,2.15228135041,0.0,0.0
CFADS2280_20131126_7908.910323,7908.910323,7908.910458,2.1772363315,POINT(-105.02234027 39.631346771),-105.02234027,39.631346771,2.15356419379,2.82955106085,0.066981522376
CFADS2280_20131126_7908.910323,7908.910323,7908.910595,2.1828146112,POINT(-105.02233043 39.631320203),-105.02233043,39.631320203,2.15489368772,5.90506642858,0.152852751628
CFADS2280_20131126_7908.910323,7908.910323,7908.910732,2.1869744869,POINT(-105.02232317 39.631292198),-105.02232317,39.631292198,2.15625445806,9.08410971131,0.250513052967
CFADS2280_20131126_7908.910323,7908.910323,7908.91087,2.1898474898,POINT(-105.02232779 39.631258456),-105.02232779,39.631258456,2.15763706239,12.8610925302,0.372171283893
CFADS2280_20131126_7908.910323,7908.910323,7908.911006,2.1911987145,POINT(-105.02233295 39.631223904),-105.02233295,39.631223904,2.15903416396,16.732775318,0.496702220611
CFADS2280_20131126_7908.910323,7908.910323,7908.911145,2.1907760579,POINT(-105.02234125 39.6311834),-105.02234125,39.6311834,2.16043909668,21.2974837983,0.635181604762
CFADS2280_20131126_7908.910323,7908.910323,7908.911287,2.1829566546,POINT(-105.02234982 39.631140616),-105.02234982,39.631140616,2.16184587473,26.1165362733,0.736915560745
CFADS2280_20131126_7908.910323,7908.910323,7908.911431,2.1694094341,POINT(-105.02235842 39.631092972),-105.02235842,39.631092972,2.16321842033,31.471267237,0.770066773893
CFADS2280_20131126_7908.912814,7908.912814,7908.912814,2.1915422436,POINT(-105.02244805 39.63058464),-105.02244805,39.63058464,2.17525629435,0.0,0.0
CFADS2280_20131126_7908.912814,7908.912814,7908.912952,2.2342338034,POINT(-105.02245762 39.630531271),-105.02245762,39.630531271,2.17666636212,5.99742128196,0.345256197488
CFADS2280_20131126_7908.912814,7908.912814,7908.913094,2.2830305642,POINT(-105.02246791 39.630476616),-105.02246791,39.630476616,2.17827576873,12.1452396103,0.989269649073
CFADS2280_20131126_7908.912814,7908.912814,7908.913235,2.3211566947,POINT(-105.02247817 39.630422233),-105.02247817,39.630422233,2.18010621937,18.262723579,1.85214367071
CFADS2280_20131126_7908.912814,7908.912814,7908.91337,2.3382132606,POINT(-105.02248807 39.630370287),-105.02248807,39.630370287,2.18211271547,24.1073082846,2.76448652931
CFADS2280_20131126_7908.912814,7908.912814,7908.913511,2.3465188986,POINT(-105.02249824 39.630316747),-105.02249824,39.630316747,2.1841962945,30.1308183099,3.74223836245
CFADS2280_20131126_7908.912814,7908.912814,7908.913648,2.35612256,POINT(-105.02250783 39.630265459),-105.02250783,39.630265459,2.18631839019,35.8990926665,4.72171540082
CFADS2280_20131126_7908.912814,7908.912814,7908.913783,2.3592016439,POINT(-105.02251714 39.630215167),-105.02251714,39.630215167,2.18848384683,41.5542083957,5.68714430032
CFADS2280_20131126_7908.912814,7908.912814,7908.913917,2.3443481145,POINT(-105.02252595 39.630164646),-105.02252595,39.630164646,2.19066432496,47.2286973064,6.5592212598
CFADS2280_20131126_7908.912814,7908.912814,7908.914057,2.3022606259,POINT(-105.02253507 39.630112393),-105.02253507,39.630112393,2.19277232722,53.0978144949,7.20182091552
CFADS2280_20131126_7908.912814,7908.912814,7908.914192,2.234316287,POINT(-105.02254392 39.630061989),-105.02254392,39.630061989,2.19469132878,58.7598538514,7.42617898843
CFADS2280_20131126_7908.970806,7908.970806,7908.970806,2.1463116255,POINT(-105.02342481 39.632669877),-105.02342481,39.632669877,2.11339747668,0.0,0.0
CFADS2280_20131126_7908.970806,7908.970806,7908.970944,2.2332308355,POINT(-105.02344548 39.632692204),-105.02344548,39.632692204,2.1145776527,3.05249867114,0.362188682834
CFADS2280_20131126_7908.970806,7908.970806,7908.971083,2.322011099,POINT(-105.0234779 39.632711221),-105.0234779,39.632711221,2.11615800751,6.54634631248,1.08140802098
CFADS2280_20131126_7908.970806,7908.970806,7908.971222,2.3938505993,POINT(-105.0235148 39.632729125),-105.0235148,39.632729125,2.11814548021,10.2853765262,2.11227779131
CFADS2280_20131126_7908.970806,7908.970806,7908.971362,2.448749915,POINT(-105.0235618 39.632740299),-105.0235618,39.632740299,2.12046073053,14.5024483402,3.496696858
CFADS2280_20131126_7908.970806,7908.970806,7908.971506,2.5109579774,POINT(-105.0236137 39.632749295),-105.0236137,39.632749295,2.12302549893,19.0632867182,5.26599419386
CFADS2280_20131126_7908.970806,7908.970806,7908.971643,2.577361144,POINT(-105.02366957 39.63275372),-105.02366957,39.63275372,2.12587802104,23.8784449509,7.43995687034
CFADS2280_20131126_7908.970806,7908.970806,7908.971787,2.6378174125,POINT(-105.02373075 39.632757187),-105.02373075,39.632757187,2.12903235485,29.137762358,10.1158189805
CFADS2280_20131126_7908.970806,7908.970806,7908.971925,2.6850283197,POINT(-105.02379225 39.632760058),-105.02379225,39.632760058,2.13246076711,34.4200114046,13.0346184083
CFADS2280_20131126_7908.970806,7908.970806,7908.972064,2.7318457115,POINT(-105.0238553 39.632762858),-105.0238553,39.632762858,2.13610878226,39.8344479492,16.260198209
CFADS2280_20131126_7908.970806,7908.970806,7908.972206,2.7903918948,POINT(-105.02391774 39.632764527),-105.02391774,39.632764527,2.13997045871,45.1908312956,19.7441047574
CFADS2280_20131126_7908.970806,7908.970806,7908.972351,2.8513892272,POINT(-105.02398061 39.632765977),-105.02398061,39.632765977,2.14409272444,50.5832728299,23.558159796
CFADS2280_20131126_7908.970806,7908.970806,7908.972494,2.8989221904,POINT(-105.02404174 39.632768487),-105.02404174,39.632768487,2.14848246806,55.8315657078,27.496687246
CFADS2280_20131126_7908.970806,7908.970806,7908.972631,2.9329938447,POINT(-105.02409983 39.632771034),-105.02409983,39.632771034,2.15305685567,60.8198518416,31.3872361136
CFADS2280_20131126_7908.970806,7908.970806,7908.972772,2.9651595195,POINT(-105.02415489 39.632778383),-105.02415489,39.632778383,2.15774369364,65.61066863,35.2554174074
CFADS2280_20131126_7908.970806,7908.970806,7908.972907,2.9894769012,POINT(-105.02420687 39.632785982),-105.02420687,39.632785982,2.16251654063,70.1466380913,39.0064843486
CFADS2280_20131126_7908.970806,7908.970806,7908.973041,3.004209437,POINT(-105.02425011 39.632801456),-105.02425011,39.632801456,2.16729152582,74.2343908068,42.4275978127
CFADS2280_20131126_7908.970806,7908.970806,7908.973178,3.0125628428,POINT(-105.024293 39.632818547),-105.024293,39.632818547,2.17870256021,78.3745214831,45.8798883484
CFADS2280_20131126_7908.970806,7908.970806,7908.973318,3.0238997304,POINT(-105.02432518 39.632845806),-105.02432518,39.632845806,2.19357857976,82.475670592,49.2851591955
CFADS2280_20131126_7908.970806,7908.970806,7908.973456,3.0248607469,POINT(-105.02435434 39.632874715),-105.02435434,39.632874715,2.2081319202,86.550753656,52.613397005
CFADS2280_20131126_7908.970806,7908.970806,7908.973596,2.9911983899,POINT(-105.0243716 39.632911858),-105.0243716,39.632911858,2.2222318327,90.9423191908,55.990364035
CFADS2280_20131126_7908.970806,7908.970806,7908.973737,2.8889704533,POINT(-105.02438639 39.632950981),-105.02438639,39.632950981,2.23518090999,95.4783174124,58.9559522408
CFADS2280_20131126_7908.970806,7908.970806,7908.97387,2.7447091482,POINT(-105.02439188 39.632993247),-105.02439188,39.632993247,2.24570775494,100.206847658,61.3154954215
CFADS2280_20131126_7908.970806,7908.970806,7908.974007,2.5899945808,POINT(-105.02439582 39.633037609),-105.02439582,39.633037609,2.25342030517,105.156759916,62.9815085542
CFADS2280_20131126_7908.970806,7908.970806,7908.97414,2.4659423913,POINT(-105.02439642 39.633083623),-105.02439642,39.633083623,2.25863951165,110.279292074,64.0434242215
CFADS2280_20131126_7908.970806,7908.970806,7908.974276,2.3735378047,POINT(-105.02439609 39.633131839),-105.02439609,39.633131839,2.26220422443,115.646766935,64.6410044148
CFADS2280_20131126_7908.970806,7908.970806,7908.974419,2.3066500505,POINT(-105.02439499 39.633184353),-105.02439499,39.633184353,2.26476776458,121.493380785,64.8858739677
CFADS2280_20131126_7908.970806,7908.970806,7908.974554,2.2743123157,POINT(-105.0243937 39.633234631),-105.0243937,39.633234631,2.26677091359,127.091415277,64.9280909969
CFADS2280_20131126_7908.970806,7908.970806,7908.974688,2.2709331477,POINT(-105.02439247 39.633284644),-105.02439247,39.633284644,2.26859153349,132.659855994,64.9411301368
CFADS2280_20131126_7908.970806,7908.970806,7908.974827,2.2792248629,POINT(-105.02439122 39.633336291),-105.02439122,39.633336291,2.27046375123,138.410193539,64.9915094862
CFADS2280_20131126_7908.970806,7908.970806,7908.974964,2.2765343331,POINT(-105.02439003 39.63338822),-105.02439003,39.63338822,2.27245258801,144.191824817,65.0151086313
CFADS2280_20131126_7908.975919,7908.975919,7908.975919,2.3003353541,POINT(-105.02438273 39.633754472),-105.02438273,39.633754472,2.28428155395,0.0,0.0
CFADS2280_20131126_7908.975919,7908.975919,7908.976058,2.313526045,POINT(-105.02438173 39.633807731),-105.02438173,39.633807731,2.2863373516,5.92940637026,0.161212811858
CFADS2280_20131126_7908.975919,7908.975919,7908.976198,2.3093285233,POINT(-105.02438064 39.633861935),-105.02438064,39.633861935,2.28847063512,11.9641137886,0.287084064404
CFADS2280_20131126_7908.976892,7908.976892,7908.976892,2.3601767306,POINT(-105.02437634 39.634118579),-105.02437634,39.634118579,2.29703959159,0.0,0.0
CFADS2280_20131126_7908.976892,7908.976892,7908.977027,2.4415314652,POINT(-105.02437577 39.634164587),-105.02437577,39.634164587,2.29937606028,5.12183907966,0.728097108282
CFADS2280_20131126_7908.976892,7908.976892,7908.977168,2.5427682576,POINT(-105.02437532 39.634210534),-105.02437532,39.634210534,2.30247573027,10.2368000154,1.95718399871
CFADS2280_20131126_7908.976892,7908.976892,7908.977301,2.6484780035,POINT(-105.024375 39.634252054),-105.024375,39.634252054,2.30666697581,14.8588836802,3.53706316626
CFADS2280_20131126_7908.976892,7908.976892,7908.977433,2.7159519527,POINT(-105.02437487 39.63429089),-105.02437487,39.63429089,2.31216719361,19.1821176824,5.28271916634
CFADS2280_20131126_7908.976892,7908.976892,7908.977574,2.703041394,POINT(-105.02437496 39.63432976),-105.02437496,39.63432976,2.31857333886,23.5091290743,6.94631682076
CFADS2280_20131126_7908.976892,7908.976892,7908.977714,2.6133138291,POINT(-105.02437913 39.63436666),-105.02437913,39.63436666,2.32476104182,27.632360738,8.13608680992
CFADS2280_20131126_7908.976892,7908.976892,7908.977849,2.4943918601,POINT(-105.0243876 39.63440089),-105.0243876,39.63440089,2.32973556592,31.5114120097,8.77479701722
CFADS2280_20131126_7908.976892,7908.976892,7908.977991,2.3878063307,POINT(-105.02440385 39.634434853),-105.02440385,39.634434853,2.33331974661,35.5406709659,8.99433757417
CFADS2280_20131126_7909.191402,7909.191402,7909.191402,2.4110602033,POINT(-105.02876794 39.633921718),-105.02876794,39.633921718,2.14134330563,0.0,0.0
CFADS2280_20131126_7909.191402,7909.191402,7909.191548,2.9227905077,POINT(-105.02869097 39.63391148),-105.02869097,39.63391148,2.14345903437,6.6964462569,5.21875132749
CFADS2280_20131126_7909.191402,7909.191402,7909.191688,3.1591068468,POINT(-105.02861707 39.63389936),-105.02861707,39.63389936,2.14792559409,13.1740683791,11.7688013796
CFADS2280_20131126_7909.191402,7909.191402,7909.191824,2.976115599,POINT(-105.02854542 39.63388695),-105.02854542,39.63388695,2.1534777042,19.470159298,16.9482043586
CFADS2280_20131126_7909.191402,7909.191402,7909.191962,2.5771779454,POINT(-105.02847338 39.633871883),-105.02847338,39.633871883,2.15819646579,25.8699532331,19.6295994907
CFADS2280_20131126_7909.191402,7909.191402,7909.192099,2.3078122747,POINT(-105.02840178 39.63385626),-105.02840178,39.63385626,2.16108490813,32.2499461293,20.5657190471
CFADS2280_20131126_7909.191402,7909.191402,7909.192235,2.1652944944,POINT(-105.02833172 39.633837939),-105.02833172,39.633837939,2.16274088825,38.5931144296,20.5819170007
CFADS2280_20131126_7910.526315,7910.526315,7910.526315,2.1890694822,POINT(-105.03519598 39.627774682),-105.03519598,39.627774682,2.07780182059,0.0,0.0
CFADS2280_20131126_7910.526315,7910.526315,7910.526455,3.4195087036,POINT(-105.03514821 39.627774833),-105.03514821,39.627774833,2.07920100788,4.0957888782,5.4896173535
CFADS2280_20131126_7910.526315,7910.526315,7910.526599,5.209290498,POINT(-105.03510782 39.627774833),-105.03510782,39.627774833,2.08623952049,7.55878908055,16.3047435205
CFADS2280_20131126_7910.526315,7910.526315,7910.526746,6.1437635489,POINT(-105.0350692 39.627774817),-105.0350692,39.627774817,2.14651698315,10.8700316444,29.5405964874
CFADS2280_20131126_7910.526315,7910.526315,7910.52689,5.5649128574,POINT(-105.03504072 39.62777473),-105.03504072,39.62777473,2.28885946058,13.311898978,37.5402842601
CFADS2280_20131126_7910.526315,7910.526315,7910.527028,4.176963164,POINT(-105.03501613 39.627774667),-105.03501613,39.627774667,2.37357770205,15.4202338694,41.3424247522
CFADS2280_20131126_7910.526315,7910.526315,7910.527166,3.1077198431,POINT(-105.03500015 39.627774667),-105.03500015,39.627774667,2.40653390326,16.7903438807,42.3031266281
CFADS2280_20131126_7910.526315,7910.526315,7910.527301,2.5622825503,POINT(-105.03498645 39.627774683),-105.03498645,39.627774683,2.41766729229,17.9649702089,42.4729955177
CFADS2280_20131126_7910.530765,7910.530765,7910.530765,3.0494339135,POINT(-105.03502189 39.627052215),-105.03502189,39.627052215,2.43044145921,0.0,0.0
CFADS2280_20131126_7910.530765,7910.530765,7910.5309,4.5893922072,POINT(-105.0350476 39.627033947),-105.0350476,39.627033947,2.44047928743,2.99912709944,6.44486297202
CFADS2280_20131126_7910.530765,7910.530765,7910.531041,5.7098111055,POINT(-105.03508438 39.627024099),-105.03508438,39.627024099,2.48118545231,6.33776338886,17.2240697427
CFADS2280_20131126_7910.530765,7910.530765,7910.53118,5.7323022725,POINT(-105.03512204 39.62701512),-105.03512204,39.62701512,2.55203895827,9.71789913281,27.9737914463
CFADS2280_20131126_7910.530765,7910.530765,7910.531318,4.7176316198,POINT(-105.03516784 39.627011979),-105.03516784,39.627011979,2.61814249029,13.6603270675,36.2508760391
CFADS2280_20131126_7910.530765,7910.530765,7910.531457,3.5387018471,POINT(-105.03521524 39.627009098),-105.03521524,39.627009098,2.65454214482,17.7370377054,39.855339303
CFADS2280_20131126_7910.530765,7910.530765,7910.531591,2.8082682944,POINT(-105.0352674 39.627008538),-105.0352674,39.627008538,2.66887511967,22.209670506,40.4787937885
CFADS2280_20131126_7910.73065,7910.73065,7910.73065,2.0918836328,POINT(-105.05013881 39.624782791),-105.05013881,39.624782791,2.08563029277,0.0,0.0
CFADS2280_20131126_7910.73065,7910.73065,7910.730787,2.1552389957,POINT(-105.05006339 39.624781791),-105.05006339,39.624781791,2.08655906556,6.46767689068,0.444199597009
CFADS2280_20131126_7910.73065,7910.73065,7910.73092,2.1524182793,POINT(-105.04999068 39.624780796),-105.04999068,39.624780796,2.08777955104,12.7030167884,0.847244038283
CFADS2280_20131126_7910.751491,7910.751491,7910.751491,2.2497255102,POINT(-105.04998858 39.62747502),-105.04998858,39.62747502,2.09628722052,0.0,0.0
CFADS2280_20131126_7910.751491,7910.751491,7910.751638,3.4136064417,POINT(-105.04999493 39.62742309),-105.04999493,39.62742309,2.09792285366,5.80642403593,7.63941680928
CFADS2280_20131126_7910.751491,7910.751491,7910.751792,6.3046298667,POINT(-105.04999995 39.627368282),-105.04999995,39.627368282,2.10489013537,11.9228080681,33.3266378411
CFADS2280_20131126_7910.751491,7910.751491,7910.751948,9.7257753884,POINT(-105.05000381 39.627311788),-105.05000381,39.627311788,2.2334615644,18.2204167624,80.5102985201
CFADS2280_20131126_7910.751491,7910.751491,7910.752114,11.100763674,POINT(-105.05000654 39.627251016),-105.05000654,39.627251016,2.55017989225,24.9895978409,138.390748466
CFADS2280_20131126_7910.751491,7910.751491,7910.752279,11.056246827,POINT(-105.05000882 39.62718968),-105.05000882,39.62718968,2.83313282451,31.820313095,194.560498719
CFADS2280_20131126_7910.751491,7910.751491,7910.752434,10.580935174,POINT(-105.05001012 39.62713233),-105.05001012,39.62713233,3.05562031556,38.2054822925,242.610907354
CFADS2280_20131126_7910.751491,7910.751491,7910.752592,9.6264272408,POINT(-105.05001106 39.62707309),-105.05001106,39.62707309,3.23129951345,44.8005656475,284.787307782
CFADS2280_20131126_7910.751491,7910.751491,7910.752745,7.5626284014,POINT(-105.05001125 39.627014656),-105.05001125,39.627014656,3.36171631369,51.3054530832,312.11376804
CFADS2280_20131126_7910.751491,7910.751491,7910.752898,5.3575393255,POINT(-105.05001158 39.626955748),-105.05001158,39.626955748,3.43358604613,57.8631467927,324.730464357
CFADS2280_20131126_7910.751491,7910.751491,7910.753044,3.9052041192,POINT(-105.05001201 39.626899264),-105.05001201,39.626899264,3.46440483838,64.151048111,327.502166736
CFADS2280_20131126_7910.814746,7910.814746,7910.814746,2.4122615211,POINT(-105.04665083 39.625821992),-105.04665083,39.625821992,2.08383972213,0.0,0.0
CFADS2280_20131126_7910.814746,7910.814746,7910.814882,2.9516618213,POINT(-105.04665017 39.625880759),-105.04665017,39.625880759,2.08620987691,6.54218131419,5.66194353891
CFADS2280_20131126_7910.814746,7910.814746,7910.815021,3.334496359,POINT(-105.04664941 39.625940706),-105.04664941,39.625940706,2.0910553268,13.2157935063,13.9601867715
CFADS2280_20131126_7910.814746,7910.814746,7910.815163,3.3992319882,POINT(-105.0466481 39.626001195),-105.0466481,39.626001195,2.09765979812,19.9503596637,22.7257107943
CFADS2280_20131126_7910.814746,7910.814746,7910.815303,3.5364738472,POINT(-105.04664675 39.626060617),-105.04664675,39.626060617,2.10456336835,26.5662234201,32.1990354337
CFADS2280_20131126_7910.814746,7910.814746,7910.815438,3.769338279,POINT(-105.04664516 39.626117233),-105.04664516,39.626117233,2.11209774336,32.8701851575,42.64621636
CFADS2280_20131126_7910.814746,7910.814746,7910.815578,3.8153752599,POINT(-105.04664348 39.626175917),-105.04664348,39.626175917,2.14865742947,39.4044700595,53.5370255153
CFADS2280_20131126_7910.814746,7910.814746,7910.815713,3.4961514583,POINT(-105.04664157 39.6262314),-105.04664157,39.6262314,2.1879264591,45.5830027945,61.6199364976
CFADS2280_20131126_7910.814746,7910.814746,7910.81585,2.9112816698,POINT(-105.04663959 39.626288027),-105.04663959,39.626288027,2.21389644133,51.8890003774,66.0176460626
CFADS2280_20131126_7910.814746,7910.814746,7910.815993,2.4431286717,POINT(-105.04663791 39.626344349),-105.04663791,39.626344349,2.22520821431,58.1604142428,67.3843154407
CFADS2280_20131126_7910.849922,7910.849922,7910.849922,2.1156481963,POINT(-105.04664821 39.625739435),-105.04664821,39.625739435,2.0768539138,0.0,0.0
CFADS2280_20131126_7910.849922,7910.849922,7910.850064,2.304273631,POINT(-105.04664699 39.625799168),-105.04664699,39.625799168,2.07746641334,6.65029431763,1.5083347508
CFADS2280_20131126_7910.849922,7910.849922,7910.850205,2.4735540508,POINT(-105.04664539 39.625858402),-105.04664539,39.625858402,2.07902308311,13.2456441969,4.1104045209
CFADS2280_20131126_7910.849922,7910.849922,7910.850349,2.539082606,POINT(-105.0466438 39.625918718),-105.0466438,39.625918718,2.08137033222,19.961399154,7.18428799244
CFADS2280_20131126_7910.849922,7910.849922,7910.850487,2.48637201,POINT(-105.04664238 39.625976569),-105.04664238,39.625976569,2.0840256958,26.4025175003,9.77584821841
CFADS2280_20131126_7910.849922,7910.849922,7910.850624,2.3504003247,POINT(-105.04664125 39.626033656),-105.04664125,39.626033656,2.08647942181,32.7581751656,11.4532391279
CFADS2280_20131126_7910.849922,7910.849922,7910.850768,2.1901125068,POINT(-105.04664091 39.626092824),-105.04664091,39.626092824,2.08838095409,39.3448155213,12.1233082784
CFADS2280_20131126_7910.85522,7910.85522,7910.85522,2.109982765,POINT(-105.04733884 39.626753665),-105.04733884,39.626753665,2.09427319635,0.0,0.0
CFADS2280_20131126_7910.85522,7910.85522,7910.855357,2.1223869562,POINT(-105.04740349 39.62675328),-105.04740349,39.62675328,2.09530050589,5.54327705877,0.150147698586
CFADS2280_20131126_7910.85522,7910.85522,7910.855487,2.1242617671,POINT(-105.04746526 39.626753124),-105.04746526,39.626753124,2.0963858115,10.8394848103,0.297784550739
CFADS2280_20131126_7910.85522,7910.85522,7910.855622,2.1080255187,POINT(-105.04752983 39.626753039),-105.04752983,39.626753039,2.0974760291,16.3757450672,0.35618927074
CFADS2280_20131126_7910.869636,7910.869636,7910.869636,2.1229182868,POINT(-105.05083716 39.628434326),-105.05083716,39.628434326,2.11851290047,0.0,0.0
CFADS2280_20131126_7911.147935,7911.147935,7911.147935,2.2063090553,POINT(-105.05323357 39.639596701),-105.05323357,39.639596701,2.10026462795,0.0,0.0
CFADS2280_20131126_7911.147935,7911.147935,7911.148077,3.4897173288,POINT(-105.05323217 39.639602333),-105.05323217,39.639602333,2.10166542167,0.638337142976,0.886045088698
CFADS2280_20131126_7911.147935,7911.147935,7911.148217,6.1589074937,POINT(-105.05323225 39.639602333),-105.05323225,39.639602333,2.10894953429,0.645195093616,0.913819500476
CFADS2280_20131126_7911.147935,7911.147935,7911.148368,9.2430362824,POINT(-105.05323233 39.639602302),-105.05323233,39.639602302,2.22723578673,0.652872354222,0.967681629243
CFADS2280_20131126_7911.147935,7911.147935,7911.148522,10.698010275,POINT(-105.05323233 39.639602024),-105.05323233,39.639602024,2.51964954437,0.683819286609,1.22077680582
CFADS2280_20131126_7911.147935,7911.147935,7911.148679,10.141645644,POINT(-105.05323233 39.639601742),-105.05323233,39.639601742,2.79176871113,0.715211497843,1.45150569503
CFADS2280_20131126_7911.147935,7911.147935,7911.148825,8.8692591861,POINT(-105.05323233 39.63960148),-105.05323233,39.63960148,2.98429937077,0.744377311683,1.62314533746
CFADS2280_20131126_7911.147935,7911.147935,7911.148965,7.8361108403,POINT(-105.05323223 39.639601724),-105.05323223,39.639601724,3.11049969245,0.772860007527,1.75774348246
CFADS2280_20131126_7911.147935,7911.147935,7911.149105,6.7705803068,POINT(-105.05323197 39.639602648),-105.05323197,39.639602648,3.19931526161,0.87810669356,2.13360729341
CFADS2280_20131126_7911.147935,7911.147935,7911.149245,5.7035252982,POINT(-105.05323139 39.639605037),-105.05323139,39.639605037,3.25978215949,1.14865779867,2.7947647002
CFADS2280_20131126_7911.147935,7911.147935,7911.149389,4.7343942543,POINT(-105.05323036 39.639609431),-105.05323036,39.639609431,3.29861420692,1.64570285796,3.50841207898
CFADS2280_20131126_7911.147935,7911.147935,7911.14953,4.2149308123,POINT(-105.05322791 39.639616669),-105.05322791,39.639616669,3.32230300582,2.47835930047,4.25166437281
CFADS2280_20131126_7911.147935,7911.147935,7911.149672,4.0724822759,POINT(-105.05322391 39.639627039),-105.05322391,39.639627039,3.33937345709,3.68259716709,5.13450177277
CFADS2280_20131126_7911.147935,7911.147935,7911.149807,3.9598402994,POINT(-105.05321516 39.639639492),-105.05321516,39.639639492,3.35474500353,5.25878479647,6.08824549271
CFADS2280_20131126_7911.147935,7911.147935,7911.149944,3.678469396,POINT(-105.05320121 39.639654755),-105.05320121,39.639654755,3.36882482012,7.33650605661,6.73160061111
CFADS2280_20131126_7911.300342,7911.300342,7911.300342,2.1687518127,POINT(-105.04922493 39.634713506),-105.04922493,39.634713506,2.09014012303,0.0,0.0
CFADS2280_20131126_7911.300342,7911.300342,7911.300484,2.3134258959,POINT(-105.04927973 39.634727699),-105.04927973,39.634727699,2.0913832604,4.95658638799,1.10057350469
CFADS2280_20131126_7911.300342,7911.300342,7911.300628,2.3662283205,POINT(-105.04932817 39.634740094),-105.04932817,39.634740094,2.09328797588,9.33259708592,2.29496337265
CFADS2280_20131126_7911.300342,7911.300342,7911.300763,2.3050760321,POINT(-105.04936583 39.634749529),-105.04936583,39.634749529,2.09543247423,12.727746659,3.00673460867
CFADS2280_20131126_7911.300342,7911.300342,7911.300899,2.1871479949,POINT(-105.04939764 39.634757528),-105.04939764,39.634757528,2.09729439493,15.5965240965,3.26450458894
